Velocidade do compressor rpm, Vazão volumétrica m3/min,Pressão total Pa,Pressão estática Pa,Pressão dinâmica Pa,Temperatura do ar °C,Umidade do ar  %,Tensão monofasica volts,Corrente monofasica amp,FP,Potencia ativa Wattios,Potência reativa VAR
3480,"2,21","2558,80","2310,794","248,001","32,897","75,379","221,8","5,01","0,57","641,8","905,8"
3480,"2,21","2548,08","2298,332","249,75","32,847","75,321","221,8","5,01","0,57","641,8","905,8"
3480,"2,21","2520,65","2270,379","250,268","32,809","75,312","221,8","5,01","0,57","641,8","905,8"
3480,"2,21","2481,21","2231,335","249,874","32,781","75,284","221,8","5,01","0,57","641,8","905,8"
3480,"2,21","2432,99","2184,383","248,602","32,775","75,152","221,8","5,01","0,57","641,8","905,8"
3480,"2,21","2379,75","2133,502","246,25","32,776","75,013","221,8","5,01","0,57","641,8","905,8"
3480,"2,21","2328,76","2085,711","243,046","32,752","75,049","221,8","5,01","0,57","641,8","905,8"
3480,"2,21","2285,43","2045,978","239,452","32,717","75,285","221,8","5,01","0,57","641,8","905,8"
3480,"2,21","2254,89","2019,099","235,793","32,703","75,557","221,8","5,01","0,57","641,8","905,8"
3480,"2,21","2241,13","2008,802","232,332","32,721","75,697","221,8","5,01","0,57","641,8","905,8"
3480,"2,21","2243,21","2014,317","228,891","32,745","75,699","221,8","5,01","0,57","641,8","905,8"
3480,"2,21","2258,81","2033,43","225,382","32,76","75,657","221,8","5,01","0,57","641,8","905,8"
3480,"2,20","2286,90","2064,834","222,063","32,778","75,65","221,8","5,01","0,57","641,8","905,8"
3480,"2,20","2325,24","2106,187","219,055","32,813","75,68","221,8","5,01","0,57","641,8","905,8"
3480,"2,20","2371,56","2155,009","216,548","32,873","75,674","221,8","5,01","0,57","641,8","905,8"
3480,"2,20","2422,35","2207,653","214,701","32,938","75,631","221,8","5,01","0,57","641,8","905,8"
3480,"2,20","2472,75","2259,037","213,712","32,95","75,323","221,8","5,01","0,57","641,8","905,8"
3480,"2,20","2519,89","2306,128","213,762","32,885","74,683","221,8","5,01","0,57","641,8","905,8"
3480,"2,19","2561,69","2347,202","214,485","32,809","74,204","221,8","5,01","0,57","641,8","905,8"
3480,"2,19","2595,62","2379,889","215,726","32,785","74,314","221,8","5,01","0,57","641,8","905,8"
3480,"2,19","2619,22","2401,705","217,519","32,808","75,018","221,8","5,01","0,57","641,8","905,8"
3480,"2,19","2636,25","2416,565","219,685","32,802","75,882","221,8","5,01","0,57","641,8","905,8"
3480,"2,19","2650,58","2428,701","221,882","32,728","76,261","221,8","5,01","0,57","641,8","905,8"
3480,"2,19","2660,36","2436,609","223,753","32,677","76,144","221,8","5,01","0,57","641,8","905,8"
3480,"2,20","2666,60","2441,722","224,874","32,725","75,922","221,8","5,01","0,57","641,8","905,8"
3480,"2,20","2671,06","2445,829","225,227","32,817","75,743","221,8","5,01","0,57","641,8","905,8"
3480,"2,20","2673,42","2448,361","225,059","32,881","75,687","221,8","5,01","0,57","641,8","905,8"
3480,"2,20","2673,73","2449,376","224,353","32,891","75,691","221,8","5,01","0,57","641,8","905,8"
3480,"2,20","2671,45","2448,245","223,205","32,875","75,687","221,8","5,01","0,57","641,8","905,8"
3480,"2,20","2665,53","2443,941","221,59","32,883","75,669","221,8","5,01","0,57","641,8","905,8"
3480,"2,20","2656,80","2437,262","219,538","32,911","75,693","221,8","5,01","0,57","641,8","905,8"
3480,"2,20","2644,83","2427,534","217,292","32,941","75,78","221,8","5,01","0,57","641,8","905,8"
3480,"2,21","2629,08","2413,863","215,217","32,93","75,902","221,8","5,01","0,57","641,8","905,8"
3480,"2,21","2611,69","2397,865","213,825","32,858","76,175","221,8","5,01","0,57","641,8","905,8"
3480,"2,21","2593,16","2379,902","213,255","32,804","76,615","221,8","5,01","0,57","641,8","905,8"
3480,"2,21","2573,08","2359,73","213,347","32,839","76,98","221,8","5,01","0,57","641,8","905,8"
3480,"2,21","2553,00","2339,178","213,821","32,894","77,083","221,8","5,01","0,57","641,8","905,8"
3480,"2,21","2535,08","2320,521","214,555","32,931","76,808","221,8","5,01","0,57","641,8","905,8"
3480,"2,21","2521,19","2305,308","215,878","32,944","76,269","221,8","5,01","0,57","641,8","905,8"
3480,"2,20","2508,75","2291,167","217,586","32,928","75,842","221,8","5,01","0,57","641,8","905,8"
3480,"2,20","2493,81","2274,865","218,942","32,896","75,738","221,8","5,01","0,57","641,8","905,8"
3480,"2,20","2476,80","2257,371","219,432","32,825","76,217","221,8","5,01","0,57","641,8","905,8"
3480,"2,20","2457,85","2239,154","218,692","32,722","77,14","221,8","5,01","0,57","641,8","905,8"
3480,"2,20","2437,08","2220,647","216,431","32,674","77,751","221,8","5,01","0,57","641,8","905,8"
3480,"2,20","2412,81","2200,177","212,633","32,69","77,593","221,8","5,01","0,57","641,8","905,8"
3480,"2,20","2383,79","2176,422","207,364","32,712","76,835","221,8","5,01","0,57","641,8","905,8"
3480,"2,20","2352,67","2151,774","200,898","32,74","76,069","221,8","5,01","0,57","641,8","905,8"
3480,"2,20","2322,27","2128,241","194,032","32,79","75,763","221,8","5,01","0,57","641,8","905,8"
3480,"2,20","2292,15","2104,589","187,564","32,859","75,74","221,8","5,01","0,57","641,8","905,8"
3480,"2,20","2261,39","2079,278","182,109","32,908","75,717","221,8","5,01","0,57","641,8","905,8"
3480,"2,21","2232,29","2053,933","178,357","32,914","75,73","221,8","5,01","0,57","641,8","905,8"
3480,"2,21","2208,85","2032,145","176,706","32,878","75,75","221,8","5,01","0,57","641,8","905,8"
3480,"2,21","2194,14","2017,013","177,126","32,824","75,757","221,8","5,01","0,57","641,8","905,8"
3480,"2,21","2188,55","2009,258","179,287","32,784","75,81","221,8","5,01","0,57","641,8","905,8"
3480,"2,21","2191,27","2008,375","182,891","32,778","75,886","221,8","5,01","0,57","641,8","905,8"
3480,"2,21","2201,98","2014,332","187,643","32,796","75,909","221,8","5,01","0,57","641,8","905,8"
3480,"2,21","2220,69","2027,379","193,313","32,816","75,833","221,8","5,01","0,57","641,8","905,8"
3480,"2,21","2244,97","2045,135","199,832","32,829","75,662","221,8","5,01","0,57","641,8","905,8"
3480,"2,22","2271,90","2064,982","206,917","32,852","75,517","221,8","5,01","0,57","641,8","905,8"
3480,"2,22","2302,65","2088,297","214,353","32,895","75,468","221,8","5,01","0,57","641,8","905,8"
3480,"2,22","2337,39","2115,389","221,998","32,944","75,485","221,8","5,01","0,57","641,8","905,8"
3480,"2,22","2371,37","2141,822","229,545","32,982","75,567","221,8","5,01","0,57","641,8","905,8"
3480,"2,22","2395,06","2158,634","236,428","32,972","75,672","221,8","5,01","0,57","641,8","905,8"
3480,"2,22","2398,73","2156,52","242,205","32,91","75,751","221,8","5,01","0,57","641,8","905,8"
3480,"2,22","2383,64","2136,812","246,826","32,834","75,806","221,8","5,01","0,57","641,8","905,8"
3480,"2,22","2355,65","2105,4","250,248","32,786","75,856","221,8","5,01","0,57","641,8","905,8"
3480,"2,23","2318,31","2066,133","252,178","32,797","75,918","221,8","5,01","0,57","641,8","905,8"
3480,"2,23","2275,69","2023,119","252,568","32,853","75,952","221,8","5,01","0,57","641,8","905,8"
3480,"2,23","2234,27","1982,605","251,669","32,877","75,905","221,8","5,01","0,57","641,8","905,8"
3480,"2,23","2199,94","1950,111","249,832","32,842","75,775","221,8","5,01","0,57","641,8","905,8"
3480,"2,22","2174,69","1927,423","247,27","32,792","75,634","221,8","5,01","0,57","641,8","905,8"
3480,"2,22","2160,05","1915,948","244,099","32,778","75,53","221,8","5,01","0,57","641,8","905,8"
3480,"2,22","2157,33","1916,842","240,492","32,821","75,362","221,8","5,01","0,57","641,8","905,8"
3480,"2,22","2166,99","1930,137","236,853","32,888","75,066","221,8","5,01","0,57","641,8","905,8"
3480,"2,22","2185,90","1952,044","233,851","32,912","74,784","221,8","5,01","0,57","641,8","905,8"
3480,"2,22","2210,32","1978,318","231,997","32,874","74,716","221,8","5,01","0,57","641,8","905,8"
3480,"2,22","2240,56","2009,434","231,124","32,837","74,927","221,8","5,01","0,57","641,8","905,8"
3480,"2,22","2273,24","2042,762","230,476","32,827","75,239","221,8","5,01","0,57","641,8","905,8"
3480,"2,21","2302,09","2072,483","229,602","32,845","75,416","221,8","5,01","0,57","641,8","905,8"
3480,"2,21","2326,35","2097,861","228,484","32,874","75,46","221,8","5,01","0,57","641,8","905,8"
3480,"2,21","2343,33","2116,075","227,251","32,887","75,494","221,8","5,01","0,57","641,8","905,8"
3480,"2,21","2349,19","2123,135","226,055","32,951","75,554","221,8","5,01","0,57","641,8","905,8"
3480,"2,21","2349,61","2124,392","225,215","33,08","75,575","221,8","5,01","0,57","641,8","905,8"
3480,"2,21","2352,39","2127,415","224,972","33,094","75,632","221,8","5,01","0,57","641,8","905,8"
3480,"2,21","2358,96","2133,501","225,461","32,93","75,667","221,8","5,01","0,57","641,8","905,8"
3480,"2,21","2368,29","2141,401","226,887","32,692","75,494","221,8","5,01","0,57","641,8","905,8"
3480,"2,21","2379,73","2150,492","229,233","32,523","75,26","221,8","5,01","0,57","641,8","905,8"
3480,"2,21","2391,65","2159,548","232,1","32,54","75,155","221,8","5,01","0,57","641,8","905,8"
3480,"2,21","2403,50","2168,529","234,967","32,665","75,216","221,8","5,01","0,57","641,8","905,8"
3480,"2,21","2416,24","2178,916","237,328","32,751","75,402","221,8","5,01","0,57","641,8","905,8"
3480,"2,21","2430,38","2191,485","238,896","32,778","75,478","221,8","5,01","0,57","641,8","905,8"
3480,"2,21","2445,90","2206,024","239,878","32,768","75,423","221,8","5,01","0,57","641,8","905,8"
3480,"2,21","2462,98","2222,233","240,748","32,744","75,428","221,8","5,01","0,57","641,8","905,8"
3480,"2,20","2478,06","2236,543","241,515","32,758","75,435","221,8","5,01","0,57","641,8","905,8"
3480,"2,20","2487,36","2245,84","241,523","32,807","75,391","221,8","5,01","0,57","641,8","905,8"
3480,"2,20","2490,54","2250,139","240,404","32,837","75,349","221,8","5,01","0,57","641,8","905,8"
3480,"2,20","2484,67","2246,348","238,323","32,824","75,364","221,8","5,01","0,57","641,8","905,8"
3480,"2,20","2471,24","2235,513","235,726","32,803","75,483","221,8","5,01","0,57","641,8","905,8"
3480,"2,20","2455,23","2222,14","233,094","32,795","75,653","221,8","5,01","0,57","641,8","905,8"
3480,"2,20","2436,16","2205,381","230,778","32,796","75,729","221,8","5,01","0,57","641,8","905,8"
3480,"2,20","2416,74","2187,896","228,844","32,796","75,632","221,8","5,01","0,57","641,8","905,8"
3480,"2,20","2404,09","2176,793","227,297","32,788","75,441","221,8","5,01","0,57","641,8","905,8"
3480,"2,20","2403,13","2176,722","226,41","32,791","75,293","221,8","5,01","0,57","641,8","905,8"
3480,"2,20","2415,88","2189,523","226,352","32,783","75,243","221,8","5,01","0,57","641,8","905,8"
3480,"1,99","2473,29","2293,369","179,92","32,783","75,368","221,7","4,9","0,57","628,8","889,4"
3480,"1,99","2512,15","2337,939","174,207","32,766","75,164","221,7","4,9","0,57","628,8","889,4"
3480,"1,99","2558,39","2389,75","168,641","32,737","74,816","221,7","4,9","0,57","628,8","889,4"
3480,"1,99","2609,36","2445,463","163,893","32,686","74,481","221,7","4,9","0,57","628,8","889,4"
3480,"1,99","2660,79","2500,399","160,394","32,664","74,388","221,7","4,9","0,57","628,8","889,4"
3480,"1,99","2709,21","2550,68","158,526","32,691","74,62","221,7","4,9","0,57","628,8","889,4"
3480,"1,99","2753,01","2594,501","158,51","32,753","75,104","221,7","4,9","0,57","628,8","889,4"
3480,"1,99","2789,16","2628,998","160,163","32,827","75,611","221,7","4,9","0,57","628,8","889,4"
3480,"2,00","2813,38","2650,638","162,738","32,854","75,939","221,7","4,9","0,57","628,8","889,4"
3480,"2,00","2825,85","2660,285","165,567","32,842","75,994","221,7","4,9","0,57","628,8","889,4"
3480,"2,00","2831,08","2662,865","168,212","32,822","75,785","221,7","4,9","0,57","628,8","889,4"
3480,"2,00","2831,82","2661,486","170,333","32,786","75,559","221,7","4,9","0,57","628,8","889,4"
3480,"2,00","2827,70","2655,775","171,921","32,749","75,528","221,7","4,9","0,57","628,8","889,4"
3480,"2,00","2818,35","2645,548","172,801","32,741","75,597","221,7","4,9","0,57","628,8","889,4"
3480,"2,00","2804,49","2631,365","173,126","32,779","75,594","221,7","4,9","0,57","628,8","889,4"
3480,"2,00","2786,75","2613,747","173,006","32,84","75,533","221,7","4,9","0,57","628,8","889,4"
3480,"2,00","2765,17","2592,851","172,314","32,845","75,456","221,7","4,9","0,57","628,8","889,4"
3480,"2,00","2740,22","2569,216","171,001","32,774","75,42","221,7","4,9","0,57","628,8","889,4"
3480,"2,00","2712,48","2543,217","169,266","32,681","75,444","221,7","4,9","0,57","628,8","889,4"
3480,"2,00","2683,42","2515,713","167,704","32,618","75,54","221,7","4,9","0,57","628,8","889,4"
3480,"2,00","2655,28","2488,867","166,415","32,602","75,727","221,7","4,9","0,57","628,8","889,4"
3480,"2,00","2627,84","2462,609","165,23","32,598","75,921","221,7","4,9","0,57","628,8","889,4"
3480,"2,00","2600,63","2436,441","164,183","32,59","75,975","221,7","4,9","0,57","628,8","889,4"
3480,"2,00","2571,22","2408,005","163,214","32,615","75,82","221,7","4,9","0,57","628,8","889,4"
3480,"2,00","2534,92","2372,491","162,428","32,667","75,54","221,7","4,9","0,57","628,8","889,4"
3480,"2,00","2493,14","2331,109","162,031","32,713","75,344","221,7","4,9","0,57","628,8","889,4"
3480,"2,00","2448,65","2286,487","162,158","32,731","75,367","221,7","4,9","0,57","628,8","889,4"
3480,"2,00","2403,50","2240,732","162,772","32,715","75,498","221,7","4,9","0,57","628,8","889,4"
3480,"2,00","2360,48","2196,517","163,966","32,711","75,615","221,7","4,9","0,57","628,8","889,4"
3480,"2,00","2318,88","2153,211","165,67","32,738","75,73","221,7","4,9","0,57","628,8","889,4"
3480,"2,00","2279,20","2111,739","167,461","32,786","75,852","221,7","4,9","0,57","628,8","889,4"
3480,"2,00","2244,72","2075,691","169,029","32,85","75,951","221,7","4,9","0,57","628,8","889,4"
3480,"2,00","2218,60","2048,214","170,39","32,884","75,941","221,7","4,9","0,57","628,8","889,4"
3480,"2,00","2204,02","2032,227","171,792","32,888","75,806","221,7","4,9","0,57","628,8","889,4"
3480,"2,00","2203,56","2030,374","173,183","32,886","75,703","221,7","4,9","0,57","628,8","889,4"
3480,"2,00","2218,04","2043,325","174,711","32,865","75,702","221,7","4,9","0,57","628,8","889,4"
3480,"1,99","2246,42","2069,786","176,638","32,843","75,73","221,7","4,9","0,57","628,8","889,4"
3480,"1,99","2286,20","2107,352","178,846","32,817","75,707","221,7","4,9","0,57","628,8","889,4"
3480,"1,99","2334,61","2153,517","181,095","32,776","75,623","221,7","4,9","0,57","628,8","889,4"
3480,"1,99","2388,39","2205,269","183,12","32,762","75,48","221,7","4,9","0,57","628,8","889,4"
3480,"1,99","2442,69","2257,701","184,984","32,784","75,294","221,7","4,9","0,57","628,8","889,4"
3480,"1,99","2487,99","2300,846","187,144","32,803","75,122","221,7","4,9","0,57","628,8","889,4"
3480,"1,99","2515,95","2326,151","189,798","32,808","75,014","221,7","4,9","0,57","628,8","889,4"
3480,"1,99","2526,88","2334,271","192,609","32,815","74,982","221,7","4,9","0,57","628,8","889,4"
3480,"1,99","2522,62","2327,323","195,301","32,832","75,02","221,7","4,9","0,57","628,8","889,4"
3480,"1,99","2501,98","2304,419","197,557","32,834","75,078","221,7","4,9","0,57","628,8","889,4"
3480,"1,99","2465,90","2266,908","198,993","32,811","75,142","221,7","4,9","0,57","628,8","889,4"
3480,"1,99","2418,52","2219,037","199,484","32,789","75,216","221,7","4,9","0,57","628,8","889,4"
3480,"2,00","2366,32","2167,391","198,933","32,811","75,246","221,7","4,9","0,57","628,8","889,4"
3480,"2,00","2318,46","2120,873","197,588","32,862","75,206","221,7","4,9","0,57","628,8","889,4"
3480,"2,00","2282,29","2086,246","196,043","32,857","75,155","221,7","4,9","0,57","628,8","889,4"
3480,"2,00","2261,67","2067,077","194,589","32,766","75,206","221,7","4,9","0,57","628,8","889,4"
3480,"2,00","2254,51","2061,203","193,305","32,68","75,275","221,7","4,9","0,57","628,8","889,4"
3480,"2,00","2258,05","2065,694","192,35","32,697","75,264","221,7","4,9","0,57","628,8","889,4"
3480,"2,00","2270,34","2078,199","192,139","32,807","75,21","221,7","4,9","0,57","628,8","889,4"
3480,"2,00","2288,90","2096,073","192,832","32,931","75,117","221,7","4,9","0,57","628,8","889,4"
3480,"2,00","2312,48","2118,212","194,266","32,997","75,042","221,7","4,9","0,57","628,8","889,4"
3480,"2,00","2339,19","2142,948","196,243","32,999","75,063","221,7","4,9","0,57","628,8","889,4"
3480,"2,00","2366,69","2168,307","198,379","32,962","75,151","221,7","4,9","0,57","628,8","889,4"
3480,"2,00","2392,20","2191,94","200,257","32,921","75,312","221,7","4,9","0,57","628,8","889,4"
3480,"2,00","2413,04","2211,467","201,568","32,896","75,467","221,7","4,9","0,57","628,8","889,4"
3480,"2,00","2431,83","2230,016","201,819","32,902","75,489","221,7","4,9","0,57","628,8","889,4"
3480,"2,00","2450,58","2249,765","200,81","32,903","75,413","221,7","4,9","0,57","628,8","889,4"
3480,"2,00","2467,29","2268,517","198,769","32,844","75,333","221,7","4,9","0,57","628,8","889,4"
3480,"1,99","2484,49","2288,524","195,962","32,737","75,32","221,7","4,9","0,57","628,8","889,4"
3480,"1,99","2504,20","2311,409","192,789","32,678","75,311","221,7","4,9","0,57","628,8","889,4"
3480,"1,99","2523,90","2334,333","189,563","32,72","75,249","221,7","4,9","0,57","628,8","889,4"
3480,"1,99","2540,94","2354,276","186,666","32,759","75,212","221,7","4,9","0,57","628,8","889,4"
3480,"1,99","2554,12","2369,519","184,6","32,714","75,233","221,7","4,9","0,57","628,8","889,4"
3480,"1,99","2561,98","2378,755","183,223","32,662","75,3","221,7","4,9","0,57","628,8","889,4"
3480,"1,99","2563,99","2381,918","182,069","32,713","75,385","221,7","4,9","0,57","628,8","889,4"
3480,"1,99","2559,91","2378,694","181,22","32,875","75,429","221,7","4,9","0,57","628,8","889,4"
3480,"2,00","2553,72","2373,404","180,312","33,03","75,482","221,7","4,9","0,57","628,8","889,4"
3480,"2,00","2548,92","2370,212","178,705","33,051","75,609","221,7","4,9","0,57","628,8","889,4"
3480,"2,00","2547,21","2371,127","176,08","32,983","75,714","221,7","4,9","0,57","628,8","889,4"
3480,"2,00","2550,24","2377,589","172,654","32,935","75,707","221,7","4,9","0,57","628,8","889,4"
3480,"2,00","2557,10","2388,271","168,825","32,92","75,509","221,7","4,9","0,57","628,8","889,4"
3480,"2,00","2566,55","2401,869","164,685","32,961","75,125","221,7","4,9","0,57","628,8","889,4"
3480,"2,01","2578,50","2418,057","160,446","33,025","74,776","221,7","4,9","0,57","628,8","889,4"
3480,"2,01","2592,36","2435,747","156,615","33,03","74,668","221,7","4,9","0,57","628,8","889,4"
3480,"2,01","2601,06","2447,632","153,431","32,962","74,803","221,7","4,9","0,57","628,8","889,4"
3480,"2,01","2597,14","2446,174","150,968","32,871","75,024","221,7","4,9","0,57","628,8","889,4"
3480,"2,01","2580,75","2431,496","149,253","32,81","75,139","221,7","4,9","0,57","628,8","889,4"
3480,"2,01","2553,15","2404,69","148,462","32,806","75,114","221,7","4,9","0,57","628,8","889,4"
3480,"2,01","2515,08","2366,332","148,745","32,823","75,062","221,7","4,9","0,57","628,8","889,4"
3480,"2,01","2469,99","2320,023","149,966","32,836","75,005","221,7","4,9","0,57","628,8","889,4"
3480,"2,01","2418,18","2265,872","152,312","32,88","74,935","221,7","4,9","0,57","628,8","889,4"
3480,"2,01","2360,29","2204,598","155,696","32,954","74,941","221,7","4,9","0,57","628,8","889,4"
3480,"2,01","2301,26","2141,609","159,651","32,998","75,071","221,7","4,9","0,57","628,8","889,4"
3480,"2,01","2245,56","2081,518","164,045","32,968","75,181","221,7","4,9","0,57","628,8","889,4"
3480,"2,01","2196,87","2027,958","168,916","32,881","75,176","221,7","4,9","0,57","628,8","889,4"
3480,"2,00","2159,95","1986,172","173,782","32,789","75,164","221,7","4,9","0,57","628,8","889,4"
3480,"2,00","2139,39","1960,912","178,473","32,745","75,202","221,7","4,9","0,57","628,8","889,4"
3480,"2,00","2137,44","1954,465","182,971","32,759","75,256","221,7","4,9","0,57","628,8","889,4"
3480,"2,00","2154,21","1967,184","187,028","32,804","75,25","221,7","4,9","0,57","628,8","889,4"
3480,"2,00","2188,15","1997,706","190,439","32,852","75,135","221,7","4,9","0,57","628,8","889,4"
3480,"2,00","2236,10","2043,128","192,968","32,882","75,025","221,7","4,9","0,57","628,8","889,4"
3480,"2,00","2293,01","2098,469","194,539","32,889","75,022","221,7","4,9","0,57","628,8","889,4"
3480,"2,00","2345,38","2150,403","194,978","32,862","75,009","221,7","4,9","0,57","628,8","889,4"
3480,"2,00","2380,63","2186,571","194,06","32,817","74,955","221,7","4,9","0,57","628,8","889,4"
3480,"1,99","2400,50","2208,651","191,851","32,805","74,944","221,7","4,9","0,57","628,8","889,4"
3480,"1,99","2409,63","2221,101","188,525","32,851","74,971","221,7","4,9","0,57","628,8","889,4"
3480,"1,64","2449,81","2321,118","128,688","32,632","74,787","221,6","4,76","0,57","608,6","862,7"
3480,"1,64","2485,21","2358,258","126,954","32,742","74,976","221,6","4,76","0,57","608,6","862,7"
3480,"1,64","2515,07","2390,592","124,481","32,839","75,165","221,6","4,76","0,57","608,6","862,7"
3480,"1,64","2534,71","2413,533","121,174","32,884","75,277","221,6","4,76","0,57","608,6","862,7"
3480,"1,64","2544,90","2427,546","117,353","32,902","75,271","221,6","4,76","0,57","608,6","862,7"
3480,"1,64","2545,48","2431,817","113,665","32,929","75,17","221,6","4,76","0,57","608,6","862,7"
3480,"1,64","2536,47","2425,806","110,661","32,958","75,064","221,6","4,76","0,57","608,6","862,7"
3480,"1,64","2517,39","2408,629","108,761","32,985","75,027","221,6","4,76","0,57","608,6","862,7"
3480,"1,64","2489,56","2381,233","108,324","32,993","75,08","221,6","4,76","0,57","608,6","862,7"
3480,"1,64","2455,59","2345,888","109,698","32,962","75,174","221,6","4,76","0,57","608,6","862,7"
3480,"1,64","2420,29","2307,617","112,677","32,892","75,192","221,6","4,76","0,57","608,6","862,7"
3480,"1,64","2389,23","2272,472","116,756","32,815","75,067","221,6","4,76","0,57","608,6","862,7"
3480,"1,64","2365,43","2244,172","121,253","32,784","74,994","221,6","4,76","0,57","608,6","862,7"
3480,"1,64","2351,01","2225,547","125,465","32,797","75,117","221,6","4,76","0,57","608,6","862,7"
3480,"1,64","2347,04","2217,877","129,159","32,825","75,302","221,6","4,76","0,57","608,6","862,7"
3480,"1,64","2353,65","2221,378","132,274","32,853","75,344","221,6","4,76","0,57","608,6","862,7"
3480,"1,64","2370,02","2235,402","134,613","32,849","75,127","221,6","4,76","0,57","608,6","862,7"
3480,"1,64","2392,47","2256,422","136,05","32,836","74,778","221,6","4,76","0,57","608,6","862,7"
3480,"1,64","2418,08","2281,215","136,861","32,846","74,575","221,6","4,76","0,57","608,6","862,7"
3480,"1,64","2445,73","2308,585","137,146","32,872","74,565","221,6","4,76","0,57","608,6","862,7"
3480,"1,64","2473,86","2336,864","136,995","32,907","74,593","221,6","4,76","0,57","608,6","862,7"
3480,"1,65","2499,83","2363,417","136,415","32,92","74,6","221,6","4,76","0,57","608,6","862,7"
3480,"1,65","2524,62","2389,466","135,15","32,911","74,573","221,6","4,76","0,57","608,6","862,7"
3480,"1,65","2550,51","2417,303","133,21","32,912","74,505","221,6","4,76","0,57","608,6","862,7"
3480,"1,65","2574,66","2443,984","130,675","32,904","74,443","221,6","4,76","0,57","608,6","862,7"
3480,"1,65","2593,52","2465,773","127,745","32,852","74,405","221,6","4,76","0,57","608,6","862,7"
3480,"1,65","2606,26","2481,451","124,811","32,781","74,373","221,6","4,76","0,57","608,6","862,7"
3480,"1,65","2614,77","2492,371","122,397","32,746","74,417","221,6","4,76","0,57","608,6","862,7"
3480,"1,65","2623,95","2503,305","120,648","32,755","74,568","221,6","4,76","0,57","608,6","862,7"
3480,"1,65","2637,79","2518,36","119,427","32,786","74,788","221,6","4,76","0,57","608,6","862,7"
3480,"1,65","2655,91","2536,962","118,947","32,827","75,033","221,6","4,76","0,57","608,6","862,7"
3480,"1,65","2676,24","2556,86","119,376","32,869","75,146","221,6","4,76","0,57","608,6","862,7"
3480,"1,65","2697,29","2576,497","120,796","32,916","75,069","221,6","4,76","0,57","608,6","862,7"
3480,"1,65","2718,45","2595,325","123,12","32,961","74,928","221,6","4,76","0,57","608,6","862,7"
3480,"1,65","2737,79","2612,15","125,642","32,969","74,809","221,6","4,76","0,57","608,6","862,7"
3480,"1,65","2753,39","2625,391","127,996","32,906","74,782","221,6","4,76","0,57","608,6","862,7"
3480,"1,65","2762,65","2632,463","130,19","32,778","74,821","221,6","4,76","0,57","608,6","862,7"
3480,"1,65","2764,92","2633,228","131,693","32,662","74,813","221,6","4,76","0,57","608,6","862,7"
3480,"1,65","2760,61","2628,755","131,859","32,636","74,741","221,6","4,76","0,57","608,6","862,7"
3480,"1,65","2748,39","2617,731","130,662","32,697","74,681","221,6","4,76","0,57","608,6","862,7"
3480,"1,65","2726,92","2598,781","128,134","32,774","74,526","221,6","4,76","0,57","608,6","862,7"
3480,"1,65","2695,70","2571,141","124,554","32,8","74,141","221,6","4,76","0,57","608,6","862,7"
3480,"1,65","2656,25","2535,559","120,686","32,785","73,718","221,6","4,76","0,57","608,6","862,7"
3480,"1,65","2611,67","2494,613","117,059","32,766","73,587","221,6","4,76","0,57","608,6","862,7"
3480,"1,65","2566,71","2452,567","114,147","32,738","73,85","221,6","4,76","0,57","608,6","862,7"
3480,"1,65","2526,19","2413,665","112,523","32,725","74,317","221,6","4,76","0,57","608,6","862,7"
3480,"1,65","2492,95","2380,648","112,304","32,759","74,618","221,6","4,76","0,57","608,6","862,7"
3480,"1,65","2468,62","2355,374","113,244","32,817","74,606","221,6","4,76","0,57","608,6","862,7"
3480,"1,65","2454,98","2339,609","115,373","32,856","74,507","221,6","4,76","0,57","608,6","862,7"
3480,"1,65","2452,69","2333,917","118,772","32,848","74,488","221,6","4,76","0,57","608,6","862,7"
3480,"1,65","2461,15","2338,056","123,09","32,802","74,524","221,6","4,76","0,57","608,6","862,7"
3480,"1,65","2478,88","2351,276","127,606","32,769","74,541","221,6","4,76","0,57","608,6","862,7"
3480,"1,65","2502,27","2370,643","131,627","32,785","74,491","221,6","4,76","0,57","608,6","862,7"
3480,"1,65","2527,32","2392,469","134,853","32,856","74,384","221,6","4,76","0,57","608,6","862,7"
3480,"1,65","2551,85","2414,467","137,378","32,946","74,311","221,6","4,76","0,57","608,6","862,7"
3480,"1,65","2574,16","2435,09","139,068","33,005","74,338","221,6","4,76","0,57","608,6","862,7"
3480,"1,65","2593,64","2454,146","139,491","33,019","74,479","221,6","4,76","0,57","608,6","862,7"
3480,"1,65","2609,64","2471,203","138,437","33,008","74,671","221,6","4,76","0,57","608,6","862,7"
3480,"1,65","2620,37","2484,296","136,076","32,967","74,817","221,6","4,76","0,57","608,6","862,7"
3480,"1,65","2625,05","2492,644","132,406","32,898","74,868","221,6","4,76","0,57","608,6","862,7"
3480,"1,65","2626,17","2498,77","127,401","32,833","74,819","221,6","4,76","0,57","608,6","862,7"
3480,"1,65","2626,05","2504,495","121,559","32,787","74,741","221,6","4,76","0,57","608,6","862,7"
3480,"1,65","2625,45","2509,906","115,543","32,763","74,694","221,6","4,76","0,57","608,6","862,7"
3480,"1,65","2624,74","2514,593","110,149","32,774","74,704","221,6","4,76","0,57","608,6","862,7"
3480,"1,65","2621,20","2515,419","105,782","32,798","74,75","221,6","4,76","0,57","608,6","862,7"
3480,"1,65","2612,99","2510,789","102,201","32,824","74,833","221,6","4,76","0,57","608,6","862,7"
3480,"1,65","2601,23","2501,862","99,37","32,848","75,014","221,6","4,76","0,57","608,6","862,7"
3480,"1,65","2587,33","2489,898","97,433","32,837","75,223","221,6","4,76","0,57","608,6","862,7"
3480,"1,65","2573,46","2477,171","96,291","32,81","75,28","221,6","4,76","0,57","608,6","862,7"
3480,"1,66","2561,11","2465,277","95,835","32,827","75,113","221,6","4,76","0,57","608,6","862,7"
3480,"1,66","2550,67","2454,766","95,899","32,89","74,805","221,6","4,76","0,57","608,6","862,7"
3480,"1,66","2543,74","2447,222","96,517","32,96","74,534","221,6","4,76","0,57","608,6","862,7"
3480,"1,65","2542,50","2444,435","98,064","32,975","74,171","221,6","4,76","0,57","608,6","862,7"
3480,"1,65","2548,57","2447,948","100,619","32,906","73,649","221,6","4,76","0,57","608,6","862,7"
3480,"1,65","2561,68","2457,767","103,911","32,82","73,338","221,6","4,76","0,57","608,6","862,7"
3480,"1,65","2578,35","2470,616","107,73","32,786","73,484","221,6","4,76","0,57","608,6","862,7"
3480,"1,65","2594,87","2482,732","112,14","32,799","74,001","221,6","4,76","0,57","608,6","862,7"
3480,"1,65","2609,44","2492,241","117,196","32,811","74,397","221,6","4,76","0,57","608,6","862,7"
3480,"1,65","2620,59","2497,748","122,841","32,776","74,3","221,6","4,76","0,57","608,6","862,7"
3480,"1,65","2627,06","2498,021","129,037","32,723","74,06","221,6","4,76","0,57","608,6","862,7"
3480,"1,65","2627,34","2491,777","135,566","32,721","74,081","221,6","4,76","0,57","608,6","862,7"
3480,"1,65","2623,34","2481,338","141,998","32,761","74,358","221,6","4,76","0,57","608,6","862,7"
3480,"1,65","2617,73","2469,798","147,931","32,789","74,674","221,6","4,76","0,57","608,6","862,7"
3480,"1,65","2611,60","2458,669","152,929","32,77","74,758","221,6","4,76","0,57","608,6","862,7"
3480,"1,65","2607,75","2450,892","156,859","32,711","74,653","221,6","4,76","0,57","608,6","862,7"
3480,"1,65","2607,19","2447,328","159,857","32,688","74,527","221,6","4,76","0,57","608,6","862,7"
3480,"1,65","2609,35","2447,525","161,828","32,744","74,478","221,6","4,76","0,57","608,6","862,7"
3480,"1,65","2613,93","2451,239","162,685","32,831","74,618","221,6","4,76","0,57","608,6","862,7"
3480,"1,65","2619,20","2456,672","162,532","32,897","74,888","221,6","4,76","0,57","608,6","862,7"
3480,"1,65","2623,99","2462,67","161,315","32,915","75,115","221,6","4,76","0,57","608,6","862,7"
3480,"1,65","2627,58","2468,29","159,288","32,888","75,148","221,6","4,76","0,57","608,6","862,7"
3480,"1,65","2630,64","2473,661","156,977","32,86","75,033","221,6","4,76","0,57","608,6","862,7"
3480,"1,65","2631,77","2476,433","155,341","32,864","74,915","221,6","4,76","0,57","608,6","862,7"
3480,"1,65","2627,78","2472,671","155,105","32,894","74,853","221,6","4,76","0,57","608,6","862,7"
3480,"1,65","2618,96","2462,87","156,085","32,93","75,033","221,6","4,76","0,57","608,6","862,7"
3480,"1,65","2607,50","2449,688","157,809","32,951","75,613","221,6","4,76","0,57","608,6","862,7"
3480,"1,65","2595,34","2435,671","159,673","32,943","76,277","221,6","4,76","0,57","608,6","862,7"
3480,"1,66","2583,84","2422,457","161,38","32,904","76,544","221,6","4,76","0,57","608,6","862,7"
3480,"1,66","2574,51","2412,033","162,479","32,849","76,21","221,6","4,76","0,57","608,6","862,7"
3480,"1,66","2568,39","2405,777","162,612","32,808","75,505","221,6","4,76","0,57","608,6","862,7"
3480,"1,66","2565,70","2403,857","161,838","32,799","75,012","221,6","4,76","0,57","608,6","862,7"
3480,"1,20","2721,33","2660,251","61,077","32,903","74,692","221,6","4,67","0,57","588,7","832,7"
3480,"1,20","2704,62","2649,032","55,585","32,933","74,851","221,6","4,67","0,57","588,7","832,7"
3480,"1,20","2688,18","2635,824","52,351","32,964","75,325","221,6","4,67","0,57","588,7","832,7"
3480,"1,20","2672,82","2621,071","51,75","33,016","75,769","221,6","4,67","0,57","588,7","832,7"
3480,"1,20","2658,82","2605,605","53,211","33,078","75,843","221,6","4,67","0,57","588,7","832,7"
3480,"1,20","2646,11","2590,025","56,087","33,1","75,52","221,6","4,67","0,57","588,7","832,7"
3480,"1,20","2634,94","2575,216","59,725","33,042","75,083","221,6","4,67","0,57","588,7","832,7"
3480,"1,20","2625,71","2562,144","63,568","32,942","74,892","221,6","4,67","0,57","588,7","832,7"
3480,"1,20","2618,62","2551,455","67,162","32,882","74,917","221,6","4,67","0,57","588,7","832,7"
3480,"1,19","2613,90","2543,698","70,203","32,877","74,931","221,6","4,67","0,57","588,7","832,7"
3480,"1,19","2611,82","2539,124","72,693","32,883","74,892","221,6","4,67","0,57","588,7","832,7"
3480,"1,19","2613,23","2538,617","74,617","32,871","74,828","221,6","4,67","0,57","588,7","832,7"
3480,"1,19","2617,86","2542,028","75,829","32,849","74,789","221,6","4,67","0,57","588,7","832,7"
3480,"1,19","2625,51","2549,129","76,378","32,852","74,809","221,6","4,67","0,57","588,7","832,7"
3480,"1,19","2636,05","2559,582","76,469","32,882","74,883","221,6","4,67","0,57","588,7","832,7"
3480,"1,19","2646,22","2569,904","76,313","32,909","74,939","221,6","4,67","0,57","588,7","832,7"
3480,"1,19","2647,35","2571,056","76,294","32,907","74,921","221,6","4,67","0,57","588,7","832,7"
3480,"1,19","2634,89","2558,191","76,696","32,898","74,928","221,6","4,67","0,57","588,7","832,7"
3480,"1,19","2611,49","2534,168","77,323","32,912","75,002","221,6","4,67","0,57","588,7","832,7"
3480,"1,19","2582,48","2504,474","78,001","32,944","75,075","221,6","4,67","0,57","588,7","832,7"
3480,"1,19","2554,60","2475,883","78,717","32,955","75,083","221,6","4,67","0,57","588,7","832,7"
3480,"1,20","2531,10","2451,433","79,667","32,932","74,949","221,6","4,67","0,57","588,7","832,7"
3480,"1,20","2514,09","2433,483","80,603","32,897","74,747","221,6","4,67","0,57","588,7","832,7"
3480,"1,20","2506,58","2425,319","81,262","32,866","74,641","221,6","4,67","0,57","588,7","832,7"
3480,"1,20","2511,38","2429,677","81,703","32,838","74,672","221,6","4,67","0,57","588,7","832,7"
3480,"1,20","2528,57","2446,586","81,978","32,822","74,783","221,6","4,67","0,57","588,7","832,7"
3480,"1,20","2550,58","2468,123","82,461","32,827","74,866","221,6","4,67","0,57","588,7","832,7"
3480,"1,20","2570,55","2487,498","83,05","32,84","74,825","221,6","4,67","0,57","588,7","832,7"
3480,"1,20","2588,07","2504,539","83,535","32,816","74,685","221,6","4,67","0,57","588,7","832,7"
3480,"1,20","2602,42","2518,551","83,864","32,738","74,543","221,6","4,67","0,57","588,7","832,7"
3480,"1,20","2612,84","2528,982","83,856","32,649","74,503","221,6","4,67","0,57","588,7","832,7"
3480,"1,20","2618,34","2534,752","83,589","32,609","74,557","221,6","4,67","0,57","588,7","832,7"
3480,"1,20","2617,88","2534,793","83,088","32,652","74,625","221,6","4,67","0,57","588,7","832,7"
3480,"1,20","2612,05","2529,677","82,368","32,741","74,661","221,6","4,67","0,57","588,7","832,7"
3480,"1,20","2604,07","2522,463","81,609","32,815","74,619","221,6","4,67","0,57","588,7","832,7"
3480,"1,20","2599,08","2518,361","80,717","32,85","74,532","221,6","4,67","0,57","588,7","832,7"
3480,"1,20","2605,16","2525,491","79,67","32,834","74,482","221,6","4,67","0,57","588,7","832,7"
3480,"1,20","2625,39","2546,651","78,741","32,789","74,492","221,6","4,67","0,57","588,7","832,7"
3480,"1,20","2656,36","2578,032","78,323","32,738","74,58","221,6","4,67","0,57","588,7","832,7"
3480,"1,20","2693,89","2615,213","78,675","32,706","74,706","221,6","4,67","0,57","588,7","832,7"
3480,"1,21","2732,69","2653,001","79,687","32,722","74,79","221,6","4,67","0,57","588,7","832,7"
3480,"1,21","2768,66","2687,808","80,847","32,775","74,875","221,6","4,67","0,57","588,7","832,7"
3480,"1,21","2796,93","2715,269","81,659","32,823","75,007","221,6","4,67","0,57","588,7","832,7"
3480,"1,21","2812,85","2730,818","82,028","32,825","75,112","221,6","4,67","0,57","588,7","832,7"
3480,"1,20","2812,98","2730,856","82,125","32,793","75,11","221,6","4,67","0,57","588,7","832,7"
3480,"1,20","2794,65","2712,238","82,415","32,769","74,962","221,6","4,67","0,57","588,7","832,7"
3480,"1,20","2763,88","2680,807","83,073","32,768","74,748","221,6","4,67","0,57","588,7","832,7"
3480,"1,20","2727,24","2643,106","84,133","32,778","74,623","221,6","4,67","0,57","588,7","832,7"
3480,"1,20","2686,83",2601,"85,832","32,78","74,313","221,6","4,67","0,57","588,7","832,7"
3480,"1,20","2646,10","2558,106","87,997","32,768","73,672","221,6","4,67","0,57","588,7","832,7"
3480,"1,21","2607,92","2517,654","90,264","32,771","73,154","221,6","4,67","0,57","588,7","832,7"
3480,"1,21","2573,75","2481,61","92,134","32,802","73,167","221,6","4,67","0,57","588,7","832,7"
3480,"1,21","2544,83","2451,309","93,516","32,836","73,74","221,6","4,67","0,57","588,7","832,7"
3480,"1,21","2523,21","2428,414","94,798","32,848","74,519","221,6","4,67","0,57","588,7","832,7"
3480,"1,21","2507,84","2411,911","95,931","32,827","74,971","221,6","4,67","0,57","588,7","832,7"
3480,"1,21","2497,40","2400,514","96,886","32,792","75,083","221,6","4,67","0,57","588,7","832,7"
3480,"1,21","2492,63","2395,113","97,512","32,763","75,085","221,6","4,67","0,57","588,7","832,7"
3480,"1,21","2494,08","2396,667","97,416","32,74","74,963","221,6","4,67","0,57","588,7","832,7"
3480,"1,22","2501,14","2404,918","96,22","32,718","74,763","221,6","4,67","0,57","588,7","832,7"
3480,"1,22","2512,02","2418,364","93,655","32,703","74,597","221,6","4,67","0,57","588,7","832,7"
3480,"1,22","2526,53","2436,521","90,008","32,702","74,551","221,6","4,67","0,57","588,7","832,7"
3480,"1,22","2544,03","2458,089","85,938","32,749","74,643","221,6","4,67","0,57","588,7","832,7"
3480,"1,22","2563,16","2480,864","82,3","32,846","74,818","221,6","4,67","0,57","588,7","832,7"
3480,"1,22","2581,37","2501,698","79,672","32,944","74,972","221,6","4,67","0,57","588,7","832,7"
3480,"1,21","2596,28","2517,908","78,367","32,994","75,256","221,6","4,67","0,57","588,7","832,7"
3480,"1,21","2609,85","2531,514","78,334","32,984","75,697","221,6","4,67","0,57","588,7","832,7"
3480,"1,21","2623,11","2543,761","79,346","32,966","75,959","221,6","4,67","0,57","588,7","832,7"
3480,"1,21","2636,15","2554,675","81,477","32,984","75,856","221,6","4,67","0,57","588,7","832,7"
3480,"1,21","2647,81","2563,643","84,17","33,014","75,473","221,6","4,67","0,57","588,7","832,7"
3480,"1,20","2657,16","2570,311","86,853","33,007","75,054","221,6","4,67","0,57","588,7","832,7"
3480,"1,20","2664,38","2575,182","89,194","32,971","74,852","221,6","4,67","0,57","588,7","832,7"
3480,"1,20","2671,44","2580,735","90,702","32,922","74,781","221,6","4,67","0,57","588,7","832,7"
3480,"1,20","2681,09","2589,907","91,181","32,864","74,711","221,6","4,67","0,57","588,7","832,7"
3480,"1,19","2693,25","2602,796","90,456","32,805","74,68","221,6","4,67","0,57","588,7","832,7"
3480,"1,19","2707,46","2618,969","88,49","32,761","74,434","221,6","4,67","0,57","588,7","832,7"
3480,"1,19","2722,80","2637,735","85,066","32,742","73,926","221,6","4,67","0,57","588,7","832,7"
3480,"1,19","2737,28","2656,946","80,329","32,757","73,44","221,6","4,67","0,57","588,7","832,7"
3480,"1,19","2751,04","2675,958","75,086","32,79","73,227","221,6","4,67","0,57","588,7","832,7"
3480,"1,19","2765,11","2695,298","69,807","32,802","73,407","221,6","4,67","0,57","588,7","832,7"
3480,"1,19","2778,16","2713,204","64,957","32,861","73,769","221,6","4,67","0,57","588,7","832,7"
3480,"1,19","2787,39","2726,681","60,705","33,013","74,001","221,6","4,67","0,57","588,7","832,7"
3480,"1,19","2789,07","2732,134","56,938","33,156","74,151","221,6","4,67","0,57","588,7","832,7"
3480,"1,19","2782,25","2728,587","53,667","33,207","74,314","221,6","4,67","0,57","588,7","832,7"
3480,"1,19","2770,14","2719,224","50,913","33,145","74,457","221,6","4,67","0,57","588,7","832,7"
3480,"1,19","2755,69","2706,893","48,8","33,018","74,784","221,6","4,67","0,57","588,7","832,7"
3480,"1,19","2740,09","2692,766","47,328","32,943","75,257","221,6","4,67","0,57","588,7","832,7"
3480,"1,19","2724,35","2677,864","46,485","32,905","75,556","221,6","4,67","0,57","588,7","832,7"
3480,"1,20","2708,85","2662,667","46,182","32,856","75,532","221,6","4,67","0,57","588,7","832,7"
3480,"1,20","2694,39","2647,729","46,66","32,84","75,229","221,6","4,67","0,57","588,7","832,7"
3480,"1,20","2679,54","2631,292","48,249","32,875","74,846","221,6","4,67","0,57","588,7","832,7"
3480,"1,20","2661,41","2610,542","50,867","32,923","74,699","221,6","4,67","0,57","588,7","832,7"
3480,"1,20","2639,50","2585,043","54,452","32,931","74,774","221,6","4,67","0,57","588,7","832,7"
3480,"1,20","2612,66","2553,911","58,75","32,91","74,882","221,6","4,67","0,57","588,7","832,7"
3480,"1,20","2580,38","2516,954","63,426","32,9","75,005","221,6","4,67","0,57","588,7","832,7"
3480,"1,20","2544,55","2476,513","68,035","32,903","75,054","221,6","4,67","0,57","588,7","832,7"
3480,"1,20","2508,40","2436,13","72,271","32,914","74,697","221,6","4,67","0,57","588,7","832,7"
3480,"1,20","2475,88","2400,023","75,854","32,873","73,97","221,6","4,67","0,57","588,7","832,7"
3480,"1,20","2449,37","2371,13","78,237","32,76","73,43","221,6","4,67","0,57","588,7","832,7"
3480,"1,20","2431,05","2351,646","79,401","32,654","73,141","221,6","4,67","0,57","588,7","832,7"
3480,"1,19","2423,25","2344,006","79,245","32,596","73,09","221,6","4,67","0,57","588,7","832,7"
3480,"1,19","2426,73","2349,038","77,69","32,606","73,419","221,6","4,67","0,57","588,7","832,7"
3480,"0,73","2905,15","2859,896","45,253","32,81","75,051","221,8","4,47","0,57",569,"812,2"
3480,"0,73","2899,38","2857,388","41,993","32,816","75,146","221,8","4,47","0,57",569,"812,2"
3480,"0,74","2886,97","2847,982","38,989","32,882","75,142","221,8","4,47","0,57",569,"812,2"
3480,"0,74","2868,89","2832,188","36,699","32,952","75,097","221,8","4,47","0,57",569,"812,2"
3480,"0,73","2846,02","2810,642","35,381","32,973","75,056","221,8","4,47","0,57",569,"812,2"
3480,"0,73","2820,12","2785,04","35,082","32,948","75,019","221,8","4,47","0,57",569,"812,2"
3480,"0,73","2792,97","2757,17","35,796","32,92","74,938","221,8","4,47","0,57",569,"812,2"
3480,"0,73","2766,84","2729,58","37,259","32,907","74,748","221,8","4,47","0,57",569,"812,2"
3480,"0,73","2744,68","2705,572","39,108","32,89","74,547","221,8","4,47","0,57",569,"812,2"
3480,"0,73","2727,81","2686,631","41,177","32,852","74,459","221,8","4,47","0,57",569,"812,2"
3480,"0,73","2716,60","2673,236","43,368","32,808","74,484","221,8","4,47","0,57",569,"812,2"
3480,"0,73","2712,17","2666,769","45,402","32,779","74,562","221,8","4,47","0,57",569,"812,2"
3480,"0,72","2714,17","2667,197","46,973","32,76","74,611","221,8","4,47","0,57",569,"812,2"
3480,"0,72","2720,80","2673,267","47,53","32,752","74,646","221,8","4,47","0,57",569,"812,2"
3480,"0,72","2730,64","2684,22","46,418","32,775","74,733","221,8","4,47","0,57",569,"812,2"
3480,"0,72","2743,10","2699,353","43,748","32,824","74,718","221,8","4,47","0,57",569,"812,2"
3480,"0,72","2756,47","2716,029","40,446","32,878","74,525","221,8","4,47","0,57",569,"812,2"
3480,"0,72","2767,13","2729,93","37,201","32,899","74,344","221,8","4,47","0,57",569,"812,2"
3480,"0,72","2773,17","2739,001","34,174","32,857","74,336","221,8","4,47","0,57",569,"812,2"
3480,"0,72","2767,70","2736,012","31,687","32,774","74,514","221,8","4,47","0,57",569,"812,2"
3480,"0,72","2744,76","2714,782","29,978","32,697","74,912","221,8","4,47","0,57",569,"812,2"
3480,"0,72","2708,88","2679,941","28,942","32,652","75,407","221,8","4,47","0,57",569,"812,2"
3480,"0,72","2665,38","2636,719","28,663","32,654","75,712","221,8","4,47","0,57",569,"812,2"
3480,"0,72","2616,05","2586,774","29,279","32,697","75,669","221,8","4,47","0,57",569,"812,2"
3480,"0,72","2564,76","2533,891","30,872","32,75","75,279","221,8","4,47","0,57",569,"812,2"
3480,"0,72","2518,61","2485,09","33,524","32,813","74,784","221,8","4,47","0,57",569,"812,2"
3480,"0,73","2482,67","2445,514","37,155","32,861","74,53","221,8","4,47","0,57",569,"812,2"
3480,"0,73","2460,20","2418,698","41,501","32,866","74,49","221,8","4,47","0,57",569,"812,2"
3480,"0,73","2453,56","2407,36","46,202","32,84","74,484","221,8","4,47","0,57",569,"812,2"
3480,"0,73","2463,23","2412,703","50,523","32,815","74,532","221,8","4,47","0,57",569,"812,2"
3480,"0,73","2488,36","2435,327","53,028","32,83","74,743","221,8","4,47","0,57",569,"812,2"
3480,"0,73","2527,09","2474,024","53,063","32,879","75,072","221,8","4,47","0,57",569,"812,2"
3480,"0,73","2577,01","2525,858","51,147","32,916","75,304","221,8","4,47","0,57",569,"812,2"
3480,"0,73","2635,16","2587,032","48,128","32,91","75,269","221,8","4,47","0,57",569,"812,2"
3480,"0,73","2696,02","2651,174","44,842","32,856","74,958","221,8","4,47","0,57",569,"812,2"
3480,"0,73","2752,67","2710,887","41,784","32,796","74,532","221,8","4,47","0,57",569,"812,2"
3480,"0,73","2800,43","2761,393","39,032","32,767","74,23","221,8","4,47","0,57",569,"812,2"
3480,"0,73","2835,41","2798,652","36,761","32,769","74,1","221,8","4,47","0,57",569,"812,2"
3480,"0,73","2853,27","2817,998","35,269","32,789","74,071","221,8","4,47","0,57",569,"812,2"
3480,"0,73","2857,62","2823,425","34,19","32,818","74,113","221,8","4,47","0,57",569,"812,2"
3480,"0,73","2853,14","2819,942","33,195","32,863","73,871","221,8","4,47","0,57",569,"812,2"
3480,"0,73","2839,67","2807,314","32,353","32,9","73,28","221,8","4,47","0,57",569,"812,2"
3480,"0,73","2817,61","2786,428","31,181","32,909","72,86","221,8","4,47","0,57",569,"812,2"
3480,"0,73","2790,81","2761,609","29,199","32,897","72,953","221,8","4,47","0,57",569,"812,2"
3480,"0,73","2763,39","2736,868","26,524","32,88","73,511","221,8","4,47","0,57",569,"812,2"
3480,"0,73","2736,60","2713,177","23,423","32,886","74,164","221,8","4,47","0,57",569,"812,2"
3480,"0,73","2712,88","2692,539","20,344","32,895","74,434","221,8","4,47","0,57",569,"812,2"
3480,"0,73","2694,22","2676,2","18,018","32,868","74,409","221,8","4,47","0,57",569,"812,2"
3480,"0,73","2674,97","2657,764","17,208","32,817","74,382","221,8","4,47","0,57",569,"812,2"
3480,"0,73","2650,40","2631,96","18,437","32,772","74,342","221,8","4,47","0,57",569,"812,2"
3480,"0,73","2619,85","2597,571","22,281","32,763","74,255","221,8","4,47","0,57",569,"812,2"
3480,"0,73","2582,52","2553,672","28,849","32,791","74,129","221,8","4,47","0,57",569,"812,2"
3480,"0,73","2541,15","2503,819","37,33","32,805","74,015","221,8","4,47","0,57",569,"812,2"
3480,"0,73","2497,88","2451,411","46,473","32,789","73,998","221,8","4,47","0,57",569,"812,2"
3480,"0,73","2455,69","2400,426","55,262","32,728","74,106","221,8","4,47","0,57",569,"812,2"
3480,"0,73","2419,03","2355,857","63,176","32,628","74,229","221,8","4,47","0,57",569,"812,2"
3480,"0,73","2391,58","2321,807","69,769","32,559","74,233","221,8","4,47","0,57",569,"812,2"
3480,"0,73","2375,99","2301,544","74,442","32,561","74,164","221,8","4,47","0,57",569,"812,2"
3480,"0,73","2368,51","2291,661","76,846","32,565","74,137","221,8","4,47","0,57",569,"812,2"
3480,"0,73","2365,67","2288,603","77,068","32,515","74,186","221,8","4,47","0,57",569,"812,2"
3480,"0,73","2369,31","2293,846","75,463","32,45","74,288","221,8","4,47","0,57",569,"812,2"
3480,"0,73","2379,44","2306,911","72,531","32,469","74,397","221,8","4,47","0,57",569,"812,2"
3480,"0,73","2396,10","2326,702","69,396","32,597","74,477","221,8","4,47","0,57",569,"812,2"
3480,"0,73","2418,14","2351,052","67,085","32,729","74,467","221,8","4,47","0,57",569,"812,2"
3480,"0,73","2441,89","2375,924","65,965","32,777","74,297","221,8","4,47","0,57",569,"812,2"
3480,"0,74","2463,91","2397,706","66,204","32,771","74,043","221,8","4,47","0,57",569,"812,2"
3480,"0,74","2482,49","2415,145","67,346","32,768","73,936","221,8","4,47","0,57",569,"812,2"
3480,"0,73","2495,40","2426,819","68,578","32,775","74,094","221,8","4,47","0,57",569,"812,2"
3480,"0,73","2508,12","2438,78","69,345","32,781","74,415","221,8","4,47","0,57",569,"812,2"
3480,"0,73","2526,80","2457,124","69,68","32,802","74,621","221,8","4,47","0,57",569,"812,2"
3480,"0,73","2552,19","2482,536","69,655","32,829","74,547","221,8","4,47","0,57",569,"812,2"
3480,"0,73","2584,95","2515,815","69,132","32,817","74,341","221,8","4,47","0,57",569,"812,2"
3480,"0,73","2622,07","2553,941","68,133","32,777","74,215","221,8","4,47","0,57",569,"812,2"
3480,"0,73","2660,88","2594,049","66,825","32,762","74,224","221,8","4,47","0,57",569,"812,2"
3480,"0,74","2699,19","2633,635","65,551","32,789","74,341","221,8","4,47","0,57",569,"812,2"
3480,"0,74","2734,23","2669,682","64,551","32,818","74,457","221,8","4,47","0,57",569,"812,2"
3480,"0,74","2762,59","2699,047","63,546","32,8","74,464","221,8","4,47","0,57",569,"812,2"
3480,"0,74","2781,55","2719,198","62,349","32,746","74,359","221,8","4,47","0,57",569,"812,2"
3480,"0,74","2795,06","2734,068","60,995","32,728","74,212","221,8","4,47","0,57",569,"812,2"
3480,"0,74","2807,88","2748,207","59,671","32,75","74,117","221,8","4,47","0,57",569,"812,2"
3480,"0,74","2820,11","2761,103","59,005","32,765","74,117","221,8","4,47","0,57",569,"812,2"
3480,"0,74","2831,22","2772,195","59,024","32,757","74,32","221,8","4,47","0,57",569,"812,2"
3480,"0,74","2839,77","2780,615","59,153","32,741","74,712","221,8","4,47","0,57",569,"812,2"
3480,"0,74","2845,20","2785,824","59,378","32,737","75,012","221,8","4,47","0,57",569,"812,2"
3480,"0,74","2851,18","2791,391","59,786","32,754","74,973","221,8","4,47","0,57",569,"812,2"
3480,"0,74","2861,95","2801,573","60,378","32,77","74,568","221,8","4,47","0,57",569,"812,2"
3480,"0,74","2877,32","2815,975","61,341","32,776","74,063","221,8","4,47","0,57",569,"812,2"
3480,"0,73","2898,36","2835,409","62,951","32,79","73,795","221,8","4,47","0,57",569,"812,2"
3480,"0,73","2924,56","2859,645","64,916","32,814","73,78","221,8","4,47","0,57",569,"812,2"
3480,"0,73","2951,85","2885,334","66,516","32,816","73,893","221,8","4,47","0,57",569,"812,2"
3480,"0,72","2977,96","2910,614","67,342","32,797","74,11","221,8","4,47","0,57",569,"812,2"
3480,"0,72","3000,70","2933,554","67,144","32,727","74,349","221,8","4,47","0,57",569,"812,2"
3480,"0,71","3013,19","2947,351","65,839","32,589","74,478","221,8","4,47","0,57",569,"812,2"
3480,"0,71","3008,46","2944,822","63,633","32,471","74,43","221,8","4,47","0,57",569,"812,2"
3480,"0,71","2984,46","2923,921","60,535","32,43","74,297","221,8","4,47","0,57",569,"812,2"
3480,"0,71","2941,33","2884,888","56,437","32,467","74,21","221,8","4,47","0,57",569,"812,2"
3480,"0,71","2881,73","2829,811","51,922","32,554","74,182","221,8","4,47","0,57",569,"812,2"
3480,"0,71","2810,97","2763,347","47,626","32,62","74,137","221,8","4,47","0,57",569,"812,2"
3480,"0,72","2736,21","2692,393","43,814","32,645","74,055","221,8","4,47","0,57",569,"812,2"
3480,"0,72","2663,00","2622,3","40,698","32,65","73,974","221,8","4,47","0,57",569,"812,2"
3480,"0,72","2595,98","2557,992","37,983","32,638","73,923","221,8","4,47","0,57",569,"812,2"
3480,NaN,"2715,68","2672,095","43,585","32,857","73,854","222,2","4,38","0,57","551,7","788,9"
3480,NaN,"2736,79","2683,724","53,07","32,849","73,855","222,2","4,38","0,57","551,7","788,9"
3480,NaN,"2762,39","2700,024","62,365","32,87","73,755","222,2","4,38","0,57","551,7","788,9"
3480,NaN,"2790,36","2719,673","70,687","32,908","73,599","222,2","4,38","0,57","551,7","788,9"
3480,NaN,"2817,82","2740,753","77,069","32,928","73,505","222,2","4,38","0,57","551,7","788,9"
3480,NaN,"2843,19","2762,391","80,796","32,895","73,552","222,2","4,38","0,57","551,7","788,9"
3480,NaN,"2864,41","2783,151","81,261","32,814","73,706","222,2","4,38","0,57","551,7","788,9"
3480,NaN,"2879,17","2800,655","78,518","32,719","73,721","222,2","4,38","0,57","551,7","788,9"
3480,NaN,"2892,36","2819,692","72,667","32,628","73,476","222,2","4,38","0,57","551,7","788,9"
3480,NaN,"2908,72","2844,23","64,485","32,566","73,219","222,2","4,38","0,57","551,7","788,9"
3480,NaN,"2926,09","2870,512","55,574","32,561","73,247","222,2","4,38","0,57","551,7","788,9"
3480,NaN,"2943,73","2896,759","46,975","32,613","73,673","222,2","4,38","0,57","551,7","788,9"
3480,NaN,"2960,61","2921,644","38,965","32,718","74,435","222,2","4,38","0,57","551,7","788,9"
3480,NaN,"2974,57","2942,283","32,282","32,831","75,137","222,2","4,38","0,57","551,7","788,9"
3480,NaN,"2984,41","2956,82","27,588","32,883","75,401","222,2","4,38","0,57","551,7","788,9"
3480,NaN,"2988,78","2963,375","25,408","32,862","75,16","222,2","4,38","0,57","551,7","788,9"
3480,NaN,"2987,97","2961,784","26,184","32,817","74,588","222,2","4,38","0,57","551,7","788,9"
3480,NaN,"2981,43","2951,891","29,536","32,797","74,051","222,2","4,38","0,57","551,7","788,9"
3480,NaN,"2966,81","2931,94","34,869","32,821","73,791","222,2","4,38","0,57","551,7","788,9"
3480,NaN,"2944,73","2903,574","41,157","32,854","73,722","222,2","4,38","0,57","551,7","788,9"
3480,NaN,"2916,75","2869,628","47,121","32,85","73,719","222,2","4,38","0,57","551,7","788,9"
3480,NaN,"2884,79","2833,445","51,345","32,799","73,795","222,2","4,38","0,57","551,7","788,9"
3480,NaN,"2848,89","2796,345","52,546","32,72","73,928","222,2","4,38","0,57","551,7","788,9"
3480,NaN,"2810,57","2759,976","50,59","32,666","74,071","222,2","4,38","0,57","551,7","788,9"
3480,NaN,"2773,63","2727,614","46,016","32,671","74,121","222,2","4,38","0,57","551,7","788,9"
3480,NaN,"2735,69","2696,54","39,151","32,721","74,073","222,2","4,38","0,57","551,7","788,9"
3480,NaN,"2693,88","2662,939","30,935","32,788","74,272","222,2","4,38","0,57","551,7","788,9"
3480,NaN,"2651,43","2628,573","22,857","32,841","74,812","222,2","4,38","0,57","551,7","788,9"
3480,NaN,"2612,87","2596,593","16,28","32,856","75,204","222,2","4,38","0,57","551,7","788,9"
3480,NaN,"2582,51","2570,931","11,58","32,838","75,11","222,2","4,38","0,57","551,7","788,9"
3480,NaN,"2560,79","2552,34","8,447","32,812","74,605","222,2","4,38","0,57","551,7","788,9"
3480,NaN,"2544,98","2538,049","6,929","32,797","74,095","222,2","4,38","0,57","551,7","788,9"
3480,NaN,"2534,74","2527,07","7,671","32,803","73,982","222,2","4,38","0,57","551,7","788,9"
3480,NaN,"2530,83","2520,128","10,697","32,668","74,097","222,2","4,38","0,57","551,7","788,9"
3480,NaN,"2534,31","2518,815","15,492","32,336","74,174","222,2","4,38","0,57","551,7","788,9"
3480,NaN,"2546,66","2525,283","21,38","32,064","74,348","222,2","4,38","0,57","551,7","788,9"
3480,NaN,"2566,91","2539,282","27,627","32,082","74,592","222,2","4,38","0,57","551,7","788,9"
3480,NaN,"2595,12","2561,022","34,097","32,399","74,705","222,2","4,38","0,57","551,7","788,9"
3480,NaN,"2632,86","2592,998","39,866","32,785","74,618","222,2","4,38","0,57","551,7","788,9"
3480,NaN,"2678,22","2634,157","44,058","32,935","74,412","222,2","4,38","0,57","551,7","788,9"
3480,NaN,"2728,30","2681,923","46,378","32,885","74,239","222,2","4,38","0,57","551,7","788,9"
3480,NaN,"2779,15","2732,423","46,729","32,842","74,169","222,2","4,38","0,57","551,7","788,9"
3480,NaN,"2827,13","2781,782","45,352","32,837","74,117","222,2","4,38","0,57","551,7","788,9"
3480,NaN,"2868,10","2825,885","42,211","32,849","74,066","222,2","4,38","0,57","551,7","788,9"
3480,NaN,"2897,97","2860,672","37,295","32,851","74,05","222,2","4,38","0,57","551,7","788,9"
3480,NaN,"2919,31","2888,141","31,17","32,832","74,031","222,2","4,38","0,57","551,7","788,9"
3480,NaN,"2935,12","2910,714","24,404","32,841","73,99","222,2","4,38","0,57","551,7","788,9"
3480,NaN,"2943,89","2926,559","17,328","32,902","73,921","222,2","4,38","0,57","551,7","788,9"
3480,NaN,"2944,10","2933,668","10,434","32,949","73,846","222,2","4,38","0,57","551,7","788,9"
3480,NaN,"2936,34","2931,796","4,539","32,937","73,468","222,2","4,38","0,57","551,7","788,9"
3480,NaN,"2924,82","2924,333","0,485","32,874","72,712","222,2","4,38","0,57","551,7","788,9"
3480,NaN,"2914,13","2915,514","-1,38","33,003","72,134","222,2","4,38","0,57","551,7","788,9"
3480,NaN,"2906,25","2907,512","-1,265","33,443","72,177","222,2","4,38","0,57","551,7","788,9"
3480,NaN,"2902,10","2901,85","0,246","33,858","72,782","222,2","4,38","0,57","551,7","788,9"
3480,NaN,"2901,39","2898,819","2,574","33,911","73,433","222,2","4,38","0,57","551,7","788,9"
3480,NaN,"2903,27","2898,028","5,241","33,57","73,652","222,2","4,38","0,57","551,7","788,9"
3480,NaN,"2905,13","2897,629","7,505","33,111","73,63","222,2","4,38","0,57","551,7","788,9"
3480,NaN,"2905,31","2896,597","8,71","32,886","73,643","222,2","4,38","0,57","551,7","788,9"
3480,NaN,"2902,96","2893,684","9,277","32,87","73,545","222,2","4,38","0,57","551,7","788,9"
3480,NaN,"2895,74","2886,179","9,559","32,872","73,309","222,2","4,38","0,57","551,7","788,9"
3480,NaN,"2883,12","2873,528","9,592","32,883","73,089","222,2","4,38","0,57","551,7","788,9"
3480,NaN,"2866,45","2856,923","9,531","32,901","73,037","222,2","4,38","0,57","551,7","788,9"
3480,NaN,"2848,03","2838,477","9,551","32,89","73,138","222,2","4,38","0,57","551,7","788,9"
3480,NaN,"2828,74","2818,702","10,042","32,832","73,292","222,2","4,38","0,57","551,7","788,9"
3480,NaN,"2808,58","2797,046","11,534","32,782","73,406","222,2","4,38","0,57","551,7","788,9"
3480,NaN,"2789,95","2775,966","13,98","32,846","73,48","222,2","4,38","0,57","551,7","788,9"
3480,NaN,"2771,54","2754,649","16,888","33,026","73,535","222,2","4,38","0,57","551,7","788,9"
3480,NaN,"2751,30","2731,313","19,983","33,16","73,529","222,2","4,38","0,57","551,7","788,9"
3480,NaN,"2731,83","2708,99","22,844","33,129","73,499","222,2","4,38","0,57","551,7","788,9"
3480,NaN,"2714,66","2689,732","24,923","32,976","73,457","222,2","4,38","0,57","551,7","788,9"
3480,NaN,"2699,29","2673,719","25,574","32,823","73,434","222,2","4,38","0,57","551,7","788,9"
3480,NaN,"2685,29","2660,428","24,865","32,759","73,511","222,2","4,38","0,57","551,7","788,9"
3480,NaN,"2671,99","2648,972","23,015","32,75","73,636","222,2","4,38","0,57","551,7","788,9"
3480,NaN,"2656,83","2636,226","20,605","32,744","73,708","222,2","4,38","0,57","551,7","788,9"
3480,NaN,"2638,82","2620,264","18,56","32,76","73,714","222,2","4,38","0,57","551,7","788,9"
3480,NaN,"2619,91","2602,284","17,623","32,787","73,648","222,2","4,38","0,57","551,7","788,9"
3480,NaN,"2604,01","2585,985","18,025","32,788","73,554","222,2","4,38","0,57","551,7","788,9"
3480,NaN,"2594,31","2575,388","18,926","32,766","73,459","222,2","4,38","0,57","551,7","788,9"
3480,NaN,"2592,33","2572,609","19,72","32,504","73,349","222,2","4,38","0,57","551,7","788,9"
3480,NaN,"2599,30","2579,275","20,024","31,92","73,314","222,2","4,38","0,57","551,7","788,9"
3480,NaN,"2614,04","2594,536","19,508","31,418","73,413","222,2","4,38","0,57","551,7","788,9"
3480,NaN,"2633,53","2614,94","18,586","31,364","73,571","222,2","4,38","0,57","551,7","788,9"
3480,NaN,"2655,20","2638,113","17,091","31,773","73,658","222,2","4,38","0,57","551,7","788,9"
3480,NaN,"2679,50","2664,439","15,059","32,333","73,64","222,2","4,38","0,57","551,7","788,9"
3480,NaN,"2706,02","2693,675","12,345","32,623","73,57","222,2","4,38","0,57","551,7","788,9"
3480,NaN,"2730,85","2722,284","8,567","32,673","73,383","222,2","4,38","0,57","551,7","788,9"
3480,NaN,"2754,20","2750,171","4,025","32,72","73,087","222,2","4,38","0,57","551,7","788,9"
3480,NaN,"2777,88","2778,864","-0,981","32,734","72,889","222,2","4,38","0,57","551,7","788,9"
3480,NaN,"2799,34","2804,928","-5,584","32,711","72,934","222,2","4,38","0,57","551,7","788,9"
3480,NaN,"2815,79","2824,977","-9,185","32,71","73,233","222,2","4,38","0,57","551,7","788,9"
3480,NaN,"2826,74","2838,159","-11,424","32,749","73,597","222,2","4,38","0,57","551,7","788,9"
3480,NaN,"2832,30","2844,574","-12,27","32,812","73,784","222,2","4,38","0,57","551,7","788,9"
3480,NaN,"2830,62","2842,508","-11,884","32,857","73,824","222,2","4,38","0,57","551,7","788,9"
3480,NaN,"2822,92","2833,447","-10,524","32,831","73,823","222,2","4,38","0,57","551,7","788,9"
3480,NaN,"2812,68","2821,108","-8,424","32,763","73,776","222,2","4,38","0,57","551,7","788,9"
3480,NaN,"2800,57","2807,01","-6,438","32,72","73,678","222,2","4,38","0,57","551,7","788,9"
3480,NaN,"2786,84","2791,507","-4,668","32,747","73,529","222,2","4,38","0,57","551,7","788,9"
3480,NaN,"2772,26","2774,524","-2,269","32,837","73,37","222,2","4,38","0,57","551,7","788,9"
3480,NaN,"2757,91","2757,683","0,222","32,911","73,254","222,2","4,38","0,57","551,7","788,9"
3480,NaN,"2744,96","2742,898","2,058","32,902","73,219","222,2","4,38","0,57","551,7","788,9"
3480,NaN,"2734,96","2731,555","3,408","32,824","73,305","222,2","4,38","0,57","551,7","788,9"